{"cameraMode":{"drawMode":0,"name":"Shaded","section":"Shading Mode"},"sceneLighting":false,"audioPlay":false,"sceneViewState":{"m_AlwaysRefresh":false,"showFog":true,"showSkybox":false,"showFlares":true,"showImageEffects":true,"showParticleSystems":true,"showVisualEffectGraphs":true,"m_FxEnabled":true},"in2DMode":false,"pivot":{"x":54.826011657714847,"y":3.637636661529541,"z":-17.944658279418947},"rotation":{"x":0.22105611860752107,"y":-0.002925767097622156,"z":0.0006631849682889879,"w":0.9752570390701294},"size":4.035141944885254,"orthographic":true}