{"cameraMode":{"drawMode":0,"name":"Shaded","section":"Shading Mode"},"sceneLighting":false,"audioPlay":false,"sceneViewState":{"m_AlwaysRefresh":false,"showFog":true,"showSkybox":false,"showFlares":true,"showImageEffects":true,"showParticleSystems":true,"showVisualEffectGraphs":true,"m_FxEnabled":true},"in2DMode":false,"pivot":{"x":61.20000076293945,"y":5.316220283508301,"z":-30.399999618530275},"rotation":{"x":0.1922929733991623,"y":-0.0011776339961215854,"z":0.0002307000249857083,"w":0.9813377261161804},"size":4.7397894859313969,"orthographic":true}